stream_group,stream_source,stream_family,sampling,detector,time_window,time_window_code,time_window_name,drift_score,n_articles,left_articles,right_articles,feature_type
mixed_max3_per_class_day_weekly,mixed_max3_per_class_day,mixed,max3_per_class_day,PageHinkley,2024-02-26,W,weekly,0.8892282123902422,38,17,21,embedding
mixed_max3_per_class_day_weekly,mixed_max3_per_class_day,mixed,max3_per_class_day,PageHinkley,2024-04-01,W,weekly,0.7539741210638893,37,16,21,embedding
mixed_max3_per_class_day_weekly,mixed_max3_per_class_day,mixed,max3_per_class_day,PageHinkley,2024-06-03,W,weekly,0.7264984506353089,29,11,18,embedding
mixed_max3_per_class_day_weekly,mixed_max3_per_class_day,mixed,max3_per_class_day,PageHinkley,2024-07-01,W,weekly,0.8796143582078751,31,10,21,embedding
mixed_max3_per_class_day_weekly,mixed_max3_per_class_day,mixed,max3_per_class_day,PageHinkley,2024-08-05,W,weekly,0.7681027831767022,32,11,21,embedding
mixed_max3_per_class_day_weekly,mixed_max3_per_class_day,mixed,max3_per_class_day,PageHinkley,2024-09-09,W,weekly,0.7130836038004198,37,16,21,embedding
mixed_max3_per_class_day_weekly,mixed_max3_per_class_day,mixed,max3_per_class_day,PageHinkley,2024-10-14,W,weekly,0.6287584210273562,33,12,21,embedding
mixed_max3_per_class_day_weekly,mixed_max3_per_class_day,mixed,max3_per_class_day,PageHinkley,2024-11-04,W,weekly,0.7203519104213434,32,14,18,embedding
mixed_max3_per_class_day_weekly,mixed_max3_per_class_day,mixed,max3_per_class_day,PageHinkley,2025-01-20,W,weekly,0.6276301235534183,35,14,21,embedding
