feature_type,stream_group,stream_source,stream_family,sampling,detector,time_window,time_window_code,time_window_name,drift_score,matched_event,delay_days,is_true_positive
tfidf,left_none_daily,left_none,left,none,PageHinkley,2024-07-16,D,daily,0.912206577920844,Trump assassination attempt,3.0,True
tfidf,left_none_daily,left_none,left,none,PageHinkley,2024-08-07,D,daily,0.8566590068267051,Harris becomes Democratic nominee,2.0,True
tfidf,left_none_daily,left_none,left,none,PageHinkley,2024-12-09,D,daily,0.8798505731046911,,,False
tfidf,mixed_global_undersampled_daily,mixed_global_undersampled,mixed,global_undersampled,PageHinkley,2024-02-22,D,daily,0.9139946400285539,,,False
tfidf,mixed_global_undersampled_daily,mixed_global_undersampled,mixed,global_undersampled,PageHinkley,2024-04-17,D,daily,0.9162910586676168,,,False
tfidf,mixed_global_undersampled_daily,mixed_global_undersampled,mixed,global_undersampled,PageHinkley,2024-05-03,D,daily,0.8661994126128345,,,False
tfidf,mixed_global_undersampled_daily,mixed_global_undersampled,mixed,global_undersampled,PageHinkley,2024-05-10,D,daily,0.9710648784247529,,,False
tfidf,mixed_global_undersampled_daily,mixed_global_undersampled,mixed,global_undersampled,PageHinkley,2024-05-28,D,daily,0.9478937021898655,Trump conviction,-2.0,True
tfidf,mixed_global_undersampled_daily,mixed_global_undersampled,mixed,global_undersampled,KSWIN,2024-06-04,D,daily,0.8721552873331927,Trump conviction,5.0,True
tfidf,mixed_global_undersampled_daily,mixed_global_undersampled,mixed,global_undersampled,PageHinkley,2024-07-30,D,daily,0.9582412648484434,Harris becomes Democratic nominee,-6.0,True
tfidf,mixed_global_undersampled_daily,mixed_global_undersampled,mixed,global_undersampled,PageHinkley,2024-08-13,D,daily,0.9145871446072167,,,False
tfidf,mixed_global_undersampled_daily,mixed_global_undersampled,mixed,global_undersampled,PageHinkley,2024-09-02,D,daily,0.9061832929914875,,,False
tfidf,mixed_global_undersampled_daily,mixed_global_undersampled,mixed,global_undersampled,PageHinkley,2024-10-03,D,daily,0.8511187327380688,Vice presidential debate,2.0,True
tfidf,mixed_global_undersampled_daily,mixed_global_undersampled,mixed,global_undersampled,PageHinkley,2024-10-20,D,daily,0.9079957667699609,,,False
tfidf,mixed_global_undersampled_daily,mixed_global_undersampled,mixed,global_undersampled,KSWIN,2024-10-21,D,daily,0.8854104459096639,,,False
tfidf,mixed_global_undersampled_daily,mixed_global_undersampled,mixed,global_undersampled,PageHinkley,2024-11-20,D,daily,0.8867323515365639,,,False
tfidf,mixed_max3_per_class_day_daily,mixed_max3_per_class_day,mixed,max3_per_class_day,PageHinkley,2024-02-23,D,daily,0.9073643581866108,,,False
tfidf,mixed_max3_per_class_day_daily,mixed_max3_per_class_day,mixed,max3_per_class_day,PageHinkley,2024-03-13,D,daily,0.9033839346404251,,,False
tfidf,mixed_max3_per_class_day_daily,mixed_max3_per_class_day,mixed,max3_per_class_day,PageHinkley,2024-04-12,D,daily,0.9131709838390083,,,False
tfidf,mixed_max3_per_class_day_daily,mixed_max3_per_class_day,mixed,max3_per_class_day,PageHinkley,2024-05-10,D,daily,0.9565753222610505,,,False
tfidf,mixed_max3_per_class_day_daily,mixed_max3_per_class_day,mixed,max3_per_class_day,PageHinkley,2024-07-03,D,daily,0.9314699369585012,First presidential debate,6.0,True
tfidf,mixed_max3_per_class_day_daily,mixed_max3_per_class_day,mixed,max3_per_class_day,PageHinkley,2024-07-25,D,daily,0.9765738880680777,Biden withdraws from race,4.0,True
tfidf,mixed_max3_per_class_day_daily,mixed_max3_per_class_day,mixed,max3_per_class_day,PageHinkley,2024-10-03,D,daily,0.8646348750026148,Vice presidential debate,2.0,True
tfidf,mixed_max3_per_class_day_daily,mixed_max3_per_class_day,mixed,max3_per_class_day,PageHinkley,2024-10-15,D,daily,0.9317421225487664,,,False
tfidf,mixed_max3_per_class_day_daily,mixed_max3_per_class_day,mixed,max3_per_class_day,KSWIN,2024-10-21,D,daily,0.9264476816072357,,,False
tfidf,mixed_max3_per_class_day_daily,mixed_max3_per_class_day,mixed,max3_per_class_day,PageHinkley,2024-11-21,D,daily,0.8960810016181879,,,False
tfidf,mixed_max3_per_class_day_daily,mixed_max3_per_class_day,mixed,max3_per_class_day,KSWIN,2024-11-27,D,daily,0.9013822336797918,,,False
tfidf,mixed_max3_per_class_day_daily,mixed_max3_per_class_day,mixed,max3_per_class_day,KSWIN,2025-01-13,D,daily,0.8398799633740822,Trump inauguration,-7.0,True
tfidf,mixed_raw_daily,mixed_raw,mixed,raw,PageHinkley,2024-02-15,D,daily,0.8714153885157963,,,False
tfidf,mixed_raw_daily,mixed_raw,mixed,raw,PageHinkley,2024-02-20,D,daily,0.7706090553576996,,,False
tfidf,mixed_raw_daily,mixed_raw,mixed,raw,PageHinkley,2024-03-09,D,daily,0.8715689766379817,Start of campaign,4.0,True
tfidf,mixed_raw_daily,mixed_raw,mixed,raw,PageHinkley,2024-03-17,D,daily,0.8302464122862419,,,False
tfidf,mixed_raw_daily,mixed_raw,mixed,raw,PageHinkley,2024-03-25,D,daily,0.8502175786685531,,,False
tfidf,mixed_raw_daily,mixed_raw,mixed,raw,PageHinkley,2024-04-07,D,daily,0.8596478125034264,,,False
tfidf,mixed_raw_daily,mixed_raw,mixed,raw,PageHinkley,2024-04-13,D,daily,0.8268471040230714,,,False
tfidf,mixed_raw_daily,mixed_raw,mixed,raw,KSWIN,2024-04-28,D,daily,0.6713651435706173,,,False
tfidf,mixed_raw_daily,mixed_raw,mixed,raw,PageHinkley,2024-05-10,D,daily,0.7680311232702373,,,False
tfidf,mixed_raw_daily,mixed_raw,mixed,raw,PageHinkley,2024-05-19,D,daily,0.8253053377237827,,,False
tfidf,mixed_raw_daily,mixed_raw,mixed,raw,PageHinkley,2024-05-25,D,daily,0.8793097462136833,Trump conviction,-5.0,True
tfidf,mixed_raw_daily,mixed_raw,mixed,raw,KSWIN,2024-05-28,D,daily,0.8532925169190096,Trump conviction,-2.0,True
tfidf,mixed_raw_daily,mixed_raw,mixed,raw,PageHinkley,2024-06-16,D,daily,0.864684608739236,,,False
tfidf,mixed_raw_daily,mixed_raw,mixed,raw,PageHinkley,2024-06-23,D,daily,0.8571292926712232,First presidential debate,-4.0,True
tfidf,mixed_raw_daily,mixed_raw,mixed,raw,KSWIN,2024-06-29,D,daily,0.6001223372635613,First presidential debate,2.0,True
tfidf,mixed_raw_daily,mixed_raw,mixed,raw,PageHinkley,2024-07-05,D,daily,0.784635643383135,,,False
tfidf,mixed_raw_daily,mixed_raw,mixed,raw,PageHinkley,2024-07-16,D,daily,0.8625105253040178,Trump assassination attempt,3.0,True
tfidf,mixed_raw_daily,mixed_raw,mixed,raw,KSWIN,2024-07-23,D,daily,0.5141281942138727,Biden withdraws from race,2.0,True
tfidf,mixed_raw_daily,mixed_raw,mixed,raw,PageHinkley,2024-07-25,D,daily,0.8774101949961586,Biden withdraws from race,4.0,True
tfidf,mixed_raw_daily,mixed_raw,mixed,raw,PageHinkley,2024-08-06,D,daily,0.810999819214944,Harris becomes Democratic nominee,1.0,True
tfidf,mixed_raw_daily,mixed_raw,mixed,raw,PageHinkley,2024-08-12,D,daily,0.7391293691719016,Harris becomes Democratic nominee,7.0,True
tfidf,mixed_raw_daily,mixed_raw,mixed,raw,PageHinkley,2024-08-17,D,daily,0.7632741239559055,,,False
tfidf,mixed_raw_daily,mixed_raw,mixed,raw,PageHinkley,2024-08-27,D,daily,0.6911532681877763,,,False
tfidf,mixed_raw_daily,mixed_raw,mixed,raw,PageHinkley,2024-09-03,D,daily,0.7571992703878175,Second presidential debate,-7.0,True
tfidf,mixed_raw_daily,mixed_raw,mixed,raw,PageHinkley,2024-09-08,D,daily,0.7015477035493975,Second presidential debate,-2.0,True
tfidf,mixed_raw_daily,mixed_raw,mixed,raw,PageHinkley,2024-09-29,D,daily,0.6100954277360049,Vice presidential debate,-2.0,True
tfidf,mixed_raw_daily,mixed_raw,mixed,raw,PageHinkley,2024-10-04,D,daily,0.6212343752472305,Vice presidential debate,3.0,True
tfidf,mixed_raw_daily,mixed_raw,mixed,raw,KSWIN,2024-10-06,D,daily,0.8169699945605113,Vice presidential debate,5.0,True
tfidf,mixed_raw_daily,mixed_raw,mixed,raw,PageHinkley,2024-10-15,D,daily,0.8950243324924915,,,False
tfidf,mixed_raw_daily,mixed_raw,mixed,raw,PageHinkley,2024-10-21,D,daily,0.738902705658196,,,False
tfidf,mixed_raw_daily,mixed_raw,mixed,raw,PageHinkley,2024-10-27,D,daily,0.6966686886941125,,,False
tfidf,mixed_raw_daily,mixed_raw,mixed,raw,PageHinkley,2024-11-04,D,daily,0.6298851732948111,US presidential election,-1.0,True
tfidf,mixed_raw_daily,mixed_raw,mixed,raw,PageHinkley,2024-11-10,D,daily,0.6875342369858115,US presidential election,5.0,True
tfidf,mixed_raw_daily,mixed_raw,mixed,raw,PageHinkley,2024-11-26,D,daily,0.8132805847455616,,,False
tfidf,mixed_raw_daily,mixed_raw,mixed,raw,PageHinkley,2024-12-12,D,daily,0.8822344775727939,,,False
tfidf,mixed_raw_daily,mixed_raw,mixed,raw,PageHinkley,2024-12-23,D,daily,0.8575310334847658,,,False
tfidf,mixed_raw_daily,mixed_raw,mixed,raw,KSWIN,2024-12-27,D,daily,0.8161364049633393,,,False
tfidf,mixed_raw_daily,mixed_raw,mixed,raw,PageHinkley,2025-01-27,D,daily,0.7971405950034571,Trump inauguration,7.0,True
tfidf,mixed_raw_daily,mixed_raw,mixed,raw,PageHinkley,2025-02-09,D,daily,0.8413918833470349,,,False
tfidf,mixed_raw_daily,mixed_raw,mixed,raw,KSWIN,2025-02-17,D,daily,0.6532788494193315,,,False
tfidf,mixed_split_minority_day_daily,mixed_split_minority_day,mixed,split_minority_day,PageHinkley,2024-02-22,D,daily,0.751259861196268,,,False
tfidf,mixed_split_minority_day_daily,mixed_split_minority_day,mixed,split_minority_day,PageHinkley,2024-03-10,D,daily,0.7613115216926056,Start of campaign,5.0,True
tfidf,mixed_split_minority_day_daily,mixed_split_minority_day,mixed,split_minority_day,PageHinkley,2024-03-17,D,daily,0.8303250169895602,,,False
tfidf,mixed_split_minority_day_daily,mixed_split_minority_day,mixed,split_minority_day,PageHinkley,2024-04-07,D,daily,0.8596395140700264,,,False
tfidf,mixed_split_minority_day_daily,mixed_split_minority_day,mixed,split_minority_day,PageHinkley,2024-05-08,D,daily,0.7399609058803529,,,False
tfidf,mixed_split_minority_day_daily,mixed_split_minority_day,mixed,split_minority_day,PageHinkley,2024-05-28,D,daily,0.8319068202426294,Trump conviction,-2.0,True
tfidf,mixed_split_minority_day_daily,mixed_split_minority_day,mixed,split_minority_day,PageHinkley,2024-06-15,D,daily,0.850273112656567,,,False
tfidf,mixed_split_minority_day_daily,mixed_split_minority_day,mixed,split_minority_day,PageHinkley,2024-06-24,D,daily,0.7992384776412962,First presidential debate,-3.0,True
tfidf,mixed_split_minority_day_daily,mixed_split_minority_day,mixed,split_minority_day,PageHinkley,2024-07-05,D,daily,0.8188984320079319,,,False
tfidf,mixed_split_minority_day_daily,mixed_split_minority_day,mixed,split_minority_day,KSWIN,2024-07-21,D,daily,0.4964740034563693,Biden withdraws from race,0.0,True
tfidf,mixed_split_minority_day_daily,mixed_split_minority_day,mixed,split_minority_day,PageHinkley,2024-07-25,D,daily,0.8942375677463779,Biden withdraws from race,4.0,True
tfidf,mixed_split_minority_day_daily,mixed_split_minority_day,mixed,split_minority_day,PageHinkley,2024-08-06,D,daily,0.8109889177733899,Harris becomes Democratic nominee,1.0,True
tfidf,mixed_split_minority_day_daily,mixed_split_minority_day,mixed,split_minority_day,PageHinkley,2024-08-17,D,daily,0.7634567373767925,,,False
tfidf,mixed_split_minority_day_daily,mixed_split_minority_day,mixed,split_minority_day,PageHinkley,2024-08-28,D,daily,0.6559958821376282,,,False
tfidf,mixed_split_minority_day_daily,mixed_split_minority_day,mixed,split_minority_day,PageHinkley,2024-10-03,D,daily,0.7007509472092138,Vice presidential debate,2.0,True
tfidf,mixed_split_minority_day_daily,mixed_split_minority_day,mixed,split_minority_day,PageHinkley,2024-10-15,D,daily,0.8950581065014908,,,False
tfidf,mixed_split_minority_day_daily,mixed_split_minority_day,mixed,split_minority_day,PageHinkley,2024-10-21,D,daily,0.7387874231100284,,,False
tfidf,mixed_split_minority_day_daily,mixed_split_minority_day,mixed,split_minority_day,PageHinkley,2024-10-27,D,daily,0.6966826396184478,,,False
tfidf,mixed_split_minority_day_daily,mixed_split_minority_day,mixed,split_minority_day,PageHinkley,2024-11-04,D,daily,0.630020680994221,US presidential election,-1.0,True
tfidf,mixed_split_minority_day_daily,mixed_split_minority_day,mixed,split_minority_day,PageHinkley,2024-11-13,D,daily,0.6948520540495813,,,False
tfidf,mixed_split_minority_day_daily,mixed_split_minority_day,mixed,split_minority_day,PageHinkley,2024-11-26,D,daily,0.8132778073885303,,,False
tfidf,mixed_split_minority_day_daily,mixed_split_minority_day,mixed,split_minority_day,PageHinkley,2024-12-12,D,daily,0.8822344775727939,,,False
tfidf,mixed_split_minority_day_daily,mixed_split_minority_day,mixed,split_minority_day,PageHinkley,2024-12-23,D,daily,0.8516958005664461,,,False
tfidf,mixed_split_minority_day_daily,mixed_split_minority_day,mixed,split_minority_day,PageHinkley,2025-01-27,D,daily,0.7970796780520901,Trump inauguration,7.0,True
tfidf,mixed_split_minority_day_daily,mixed_split_minority_day,mixed,split_minority_day,PageHinkley,2025-02-10,D,daily,0.7452819047800254,,,False
tfidf,right_none_daily,right_none,right,none,PageHinkley,2024-02-19,D,daily,0.7903764272070462,,,False
tfidf,right_none_daily,right_none,right,none,PageHinkley,2024-03-17,D,daily,0.8580443110134108,,,False
tfidf,right_none_daily,right_none,right,none,PageHinkley,2024-03-25,D,daily,0.8583745665627642,,,False
tfidf,right_none_daily,right_none,right,none,PageHinkley,2024-04-06,D,daily,0.7946810948860179,,,False
tfidf,right_none_daily,right_none,right,none,PageHinkley,2024-04-14,D,daily,0.9106158220121314,,,False
tfidf,right_none_daily,right_none,right,none,KSWIN,2024-04-28,D,daily,0.6705567343778306,,,False
tfidf,right_none_daily,right_none,right,none,PageHinkley,2024-05-06,D,daily,0.7738391361590355,,,False
tfidf,right_none_daily,right_none,right,none,PageHinkley,2024-05-14,D,daily,0.7910845074454764,,,False
tfidf,right_none_daily,right_none,right,none,PageHinkley,2024-05-19,D,daily,0.8312516222909,,,False
tfidf,right_none_daily,right_none,right,none,PageHinkley,2024-05-26,D,daily,0.8498643066158809,Trump conviction,-4.0,True
tfidf,right_none_daily,right_none,right,none,PageHinkley,2024-06-09,D,daily,0.8136678977986156,,,False
tfidf,right_none_daily,right_none,right,none,PageHinkley,2024-06-15,D,daily,0.861649887485906,,,False
tfidf,right_none_daily,right_none,right,none,PageHinkley,2024-06-24,D,daily,0.761129237774008,First presidential debate,-3.0,True
tfidf,right_none_daily,right_none,right,none,PageHinkley,2024-07-06,D,daily,0.8702302328374967,Trump assassination attempt,-7.0,True
tfidf,right_none_daily,right_none,right,none,PageHinkley,2024-07-14,D,daily,0.8197035432147075,Trump assassination attempt,1.0,True
tfidf,right_none_daily,right_none,right,none,KSWIN,2024-07-21,D,daily,0.5219586253336661,Biden withdraws from race,0.0,True
tfidf,right_none_daily,right_none,right,none,PageHinkley,2024-07-27,D,daily,0.7636283420566189,Biden withdraws from race,6.0,True
tfidf,right_none_daily,right_none,right,none,PageHinkley,2024-08-12,D,daily,0.7391293691719016,Harris becomes Democratic nominee,7.0,True
tfidf,right_none_daily,right_none,right,none,PageHinkley,2024-08-17,D,daily,0.8060522142188609,,,False
tfidf,right_none_daily,right_none,right,none,PageHinkley,2024-08-26,D,daily,0.639130989925881,,,False
tfidf,right_none_daily,right_none,right,none,PageHinkley,2024-09-03,D,daily,0.8232860611965654,Second presidential debate,-7.0,True
tfidf,right_none_daily,right_none,right,none,PageHinkley,2024-09-08,D,daily,0.7014971749456473,Second presidential debate,-2.0,True
tfidf,right_none_daily,right_none,right,none,PageHinkley,2024-10-03,D,daily,0.6889819975085834,Vice presidential debate,2.0,True
tfidf,right_none_daily,right_none,right,none,PageHinkley,2024-10-20,D,daily,0.7976787163853977,,,False
tfidf,right_none_daily,right_none,right,none,PageHinkley,2024-11-16,D,daily,0.8221480187047063,,,False
tfidf,right_none_daily,right_none,right,none,PageHinkley,2024-11-25,D,daily,0.8789251396204234,,,False
tfidf,right_none_daily,right_none,right,none,PageHinkley,2024-12-14,D,daily,0.723986086590453,,,False
tfidf,right_none_daily,right_none,right,none,PageHinkley,2024-12-22,D,daily,0.7449993937799437,,,False
tfidf,right_none_daily,right_none,right,none,KSWIN,2024-12-25,D,daily,0.787090153652837,,,False
tfidf,right_none_daily,right_none,right,none,PageHinkley,2025-01-05,D,daily,0.8359068542274306,,,False
tfidf,right_none_daily,right_none,right,none,PageHinkley,2025-01-14,D,daily,0.7938699706678668,Trump inauguration,-6.0,True
tfidf,right_none_daily,right_none,right,none,PageHinkley,2025-01-20,D,daily,0.8068162205119735,Trump inauguration,0.0,True
tfidf,right_none_daily,right_none,right,none,PageHinkley,2025-01-25,D,daily,0.6769334651414237,Trump inauguration,5.0,True
tfidf,right_none_daily,right_none,right,none,KSWIN,2025-02-05,D,daily,0.5771720569923104,,,False
tfidf,right_none_daily,right_none,right,none,PageHinkley,2025-02-09,D,daily,0.8500047100140206,,,False
embedding,left_none_daily,left_none,left,none,PageHinkley,2024-04-01,D,daily,0.8258332343446437,,,False
embedding,left_none_daily,left_none,left,none,PageHinkley,2024-04-24,D,daily,0.8446192543458639,,,False
embedding,left_none_daily,left_none,left,none,PageHinkley,2024-07-17,D,daily,0.8491592547081099,Trump assassination attempt,4.0,True
embedding,left_none_daily,left_none,left,none,PageHinkley,2024-08-07,D,daily,1.0112002230031258,Harris becomes Democratic nominee,2.0,True
embedding,left_none_daily,left_none,left,none,PageHinkley,2024-09-20,D,daily,0.8671679301292348,,,False
embedding,left_none_daily,left_none,left,none,KSWIN,2024-10-25,D,daily,0.6566244237583627,,,False
embedding,left_none_daily,left_none,left,none,PageHinkley,2024-12-03,D,daily,0.8278549865559715,,,False
embedding,left_none_daily,left_none,left,none,PageHinkley,2025-01-23,D,daily,0.9266471120306419,Trump inauguration,3.0,True
embedding,mixed_global_undersampled_daily,mixed_global_undersampled,mixed,global_undersampled,PageHinkley,2024-02-22,D,daily,0.7536647913025651,,,False
embedding,mixed_global_undersampled_daily,mixed_global_undersampled,mixed,global_undersampled,PageHinkley,2024-02-29,D,daily,1.0483214168497004,Start of campaign,-5.0,True
embedding,mixed_global_undersampled_daily,mixed_global_undersampled,mixed,global_undersampled,PageHinkley,2024-03-27,D,daily,0.6979318731734391,,,False
embedding,mixed_global_undersampled_daily,mixed_global_undersampled,mixed,global_undersampled,PageHinkley,2024-04-17,D,daily,0.9181523617998413,,,False
embedding,mixed_global_undersampled_daily,mixed_global_undersampled,mixed,global_undersampled,PageHinkley,2024-05-05,D,daily,0.6933115856566179,,,False
embedding,mixed_global_undersampled_daily,mixed_global_undersampled,mixed,global_undersampled,PageHinkley,2024-05-31,D,daily,0.7463896340180802,Trump conviction,1.0,True
embedding,mixed_global_undersampled_daily,mixed_global_undersampled,mixed,global_undersampled,PageHinkley,2024-06-13,D,daily,0.6060526027071794,,,False
embedding,mixed_global_undersampled_daily,mixed_global_undersampled,mixed,global_undersampled,PageHinkley,2024-06-28,D,daily,0.8227633341037305,First presidential debate,1.0,True
embedding,mixed_global_undersampled_daily,mixed_global_undersampled,mixed,global_undersampled,PageHinkley,2024-07-14,D,daily,0.7346337338054673,Trump assassination attempt,1.0,True
embedding,mixed_global_undersampled_daily,mixed_global_undersampled,mixed,global_undersampled,KSWIN,2024-08-13,D,daily,0.5319875132014199,,,False
embedding,mixed_global_undersampled_daily,mixed_global_undersampled,mixed,global_undersampled,PageHinkley,2024-08-30,D,daily,0.7200187239659569,,,False
embedding,mixed_global_undersampled_daily,mixed_global_undersampled,mixed,global_undersampled,PageHinkley,2024-09-09,D,daily,0.6443865645414958,Second presidential debate,-1.0,True
embedding,mixed_global_undersampled_daily,mixed_global_undersampled,mixed,global_undersampled,KSWIN,2024-09-16,D,daily,0.7022119904429691,Second presidential debate,6.0,True
embedding,mixed_global_undersampled_daily,mixed_global_undersampled,mixed,global_undersampled,PageHinkley,2024-10-20,D,daily,0.6990209275993451,,,False
embedding,mixed_global_undersampled_daily,mixed_global_undersampled,mixed,global_undersampled,PageHinkley,2024-11-05,D,daily,0.7212769502512357,US presidential election,0.0,True
embedding,mixed_global_undersampled_daily,mixed_global_undersampled,mixed,global_undersampled,PageHinkley,2024-11-24,D,daily,0.8043333451849466,,,False
embedding,mixed_global_undersampled_daily,mixed_global_undersampled,mixed,global_undersampled,PageHinkley,2024-12-04,D,daily,0.8566166911939973,,,False
embedding,mixed_global_undersampled_daily,mixed_global_undersampled,mixed,global_undersampled,KSWIN,2024-12-04,D,daily,0.8566166911939973,,,False
embedding,mixed_global_undersampled_daily,mixed_global_undersampled,mixed,global_undersampled,PageHinkley,2024-12-18,D,daily,0.7107664932728165,,,False
embedding,mixed_global_undersampled_daily,mixed_global_undersampled,mixed,global_undersampled,PageHinkley,2025-01-16,D,daily,0.7515423218022725,Trump inauguration,-4.0,True
embedding,mixed_global_undersampled_daily,mixed_global_undersampled,mixed,global_undersampled,KSWIN,2025-01-29,D,daily,0.361865497294638,,,False
embedding,mixed_global_undersampled_daily,mixed_global_undersampled,mixed,global_undersampled,PageHinkley,2025-02-09,D,daily,0.6637819649426449,,,False
embedding,mixed_max3_per_class_day_daily,mixed_max3_per_class_day,mixed,max3_per_class_day,PageHinkley,2024-02-20,D,daily,0.705275935460468,,,False
embedding,mixed_max3_per_class_day_daily,mixed_max3_per_class_day,mixed,max3_per_class_day,PageHinkley,2024-02-27,D,daily,0.7540364509554789,Start of campaign,-7.0,True
embedding,mixed_max3_per_class_day_daily,mixed_max3_per_class_day,mixed,max3_per_class_day,KSWIN,2024-03-11,D,daily,0.4295627950544406,Start of campaign,6.0,True
embedding,mixed_max3_per_class_day_daily,mixed_max3_per_class_day,mixed,max3_per_class_day,PageHinkley,2024-04-17,D,daily,0.753940415031163,,,False
embedding,mixed_max3_per_class_day_daily,mixed_max3_per_class_day,mixed,max3_per_class_day,PageHinkley,2024-05-08,D,daily,0.7021135440118487,,,False
embedding,mixed_max3_per_class_day_daily,mixed_max3_per_class_day,mixed,max3_per_class_day,PageHinkley,2024-05-28,D,daily,0.8289162316544331,Trump conviction,-2.0,True
embedding,mixed_max3_per_class_day_daily,mixed_max3_per_class_day,mixed,max3_per_class_day,KSWIN,2024-06-20,D,daily,0.4009832109293854,First presidential debate,-7.0,True
embedding,mixed_max3_per_class_day_daily,mixed_max3_per_class_day,mixed,max3_per_class_day,PageHinkley,2024-06-24,D,daily,0.6947128034879895,First presidential debate,-3.0,True
embedding,mixed_max3_per_class_day_daily,mixed_max3_per_class_day,mixed,max3_per_class_day,PageHinkley,2024-07-03,D,daily,0.7537641047442518,First presidential debate,6.0,True
embedding,mixed_max3_per_class_day_daily,mixed_max3_per_class_day,mixed,max3_per_class_day,PageHinkley,2024-07-23,D,daily,0.8542464764883237,Biden withdraws from race,2.0,True
embedding,mixed_max3_per_class_day_daily,mixed_max3_per_class_day,mixed,max3_per_class_day,PageHinkley,2024-08-06,D,daily,0.6551244185173006,Harris becomes Democratic nominee,1.0,True
embedding,mixed_max3_per_class_day_daily,mixed_max3_per_class_day,mixed,max3_per_class_day,PageHinkley,2024-08-22,D,daily,0.7065032604503203,,,False
embedding,mixed_max3_per_class_day_daily,mixed_max3_per_class_day,mixed,max3_per_class_day,PageHinkley,2024-09-03,D,daily,0.6143569761652514,Second presidential debate,-7.0,True
embedding,mixed_max3_per_class_day_daily,mixed_max3_per_class_day,mixed,max3_per_class_day,PageHinkley,2024-09-10,D,daily,0.5730101930862136,Second presidential debate,0.0,True
embedding,mixed_max3_per_class_day_daily,mixed_max3_per_class_day,mixed,max3_per_class_day,PageHinkley,2024-09-20,D,daily,0.68824564726788,,,False
embedding,mixed_max3_per_class_day_daily,mixed_max3_per_class_day,mixed,max3_per_class_day,PageHinkley,2024-09-30,D,daily,0.538468837607863,Vice presidential debate,-1.0,True
embedding,mixed_max3_per_class_day_daily,mixed_max3_per_class_day,mixed,max3_per_class_day,PageHinkley,2024-10-12,D,daily,0.5125873735217416,,,False
embedding,mixed_max3_per_class_day_daily,mixed_max3_per_class_day,mixed,max3_per_class_day,PageHinkley,2024-10-21,D,daily,0.7184109055166967,,,False
embedding,mixed_max3_per_class_day_daily,mixed_max3_per_class_day,mixed,max3_per_class_day,PageHinkley,2024-10-28,D,daily,0.7323734107258475,,,False
embedding,mixed_max3_per_class_day_daily,mixed_max3_per_class_day,mixed,max3_per_class_day,PageHinkley,2024-11-05,D,daily,0.6613043848331182,US presidential election,0.0,True
embedding,mixed_max3_per_class_day_daily,mixed_max3_per_class_day,mixed,max3_per_class_day,PageHinkley,2024-11-20,D,daily,0.4961895961236613,,,False
embedding,mixed_max3_per_class_day_daily,mixed_max3_per_class_day,mixed,max3_per_class_day,PageHinkley,2024-11-26,D,daily,0.5247310975918567,,,False
embedding,mixed_max3_per_class_day_daily,mixed_max3_per_class_day,mixed,max3_per_class_day,KSWIN,2024-12-03,D,daily,0.6358744025037036,,,False
embedding,mixed_max3_per_class_day_daily,mixed_max3_per_class_day,mixed,max3_per_class_day,PageHinkley,2024-12-09,D,daily,0.6608875504202623,,,False
embedding,mixed_max3_per_class_day_daily,mixed_max3_per_class_day,mixed,max3_per_class_day,PageHinkley,2024-12-19,D,daily,0.6685734447364539,,,False
embedding,mixed_max3_per_class_day_daily,mixed_max3_per_class_day,mixed,max3_per_class_day,PageHinkley,2025-01-13,D,daily,0.6770027562490701,Trump inauguration,-7.0,True
embedding,mixed_max3_per_class_day_daily,mixed_max3_per_class_day,mixed,max3_per_class_day,PageHinkley,2025-02-06,D,daily,0.7158513194159274,,,False
embedding,mixed_max3_per_class_day_daily,mixed_max3_per_class_day,mixed,max3_per_class_day,PageHinkley,2025-02-17,D,daily,0.4311876527581693,,,False
embedding,mixed_raw_daily,mixed_raw,mixed,raw,PageHinkley,2024-02-11,D,daily,0.5218203709816605,,,False
embedding,mixed_raw_daily,mixed_raw,mixed,raw,PageHinkley,2024-02-22,D,daily,0.6599588386579791,,,False
embedding,mixed_raw_daily,mixed_raw,mixed,raw,PageHinkley,2024-02-29,D,daily,1.0049137191925894,Start of campaign,-5.0,True
embedding,mixed_raw_daily,mixed_raw,mixed,raw,PageHinkley,2024-03-17,D,daily,0.5310216591978082,,,False
embedding,mixed_raw_daily,mixed_raw,mixed,raw,PageHinkley,2024-03-26,D,daily,0.5905428507022721,,,False
embedding,mixed_raw_daily,mixed_raw,mixed,raw,KSWIN,2024-03-30,D,daily,0.674628634450032,,,False
embedding,mixed_raw_daily,mixed_raw,mixed,raw,PageHinkley,2024-04-16,D,daily,0.7237394220586908,,,False
embedding,mixed_raw_daily,mixed_raw,mixed,raw,PageHinkley,2024-05-04,D,daily,0.7876057032564344,,,False
embedding,mixed_raw_daily,mixed_raw,mixed,raw,PageHinkley,2024-05-09,D,daily,0.6903100260145365,,,False
embedding,mixed_raw_daily,mixed_raw,mixed,raw,PageHinkley,2024-05-15,D,daily,0.7646180092381261,,,False
embedding,mixed_raw_daily,mixed_raw,mixed,raw,PageHinkley,2024-05-28,D,daily,0.5805025289649859,Trump conviction,-2.0,True
embedding,mixed_raw_daily,mixed_raw,mixed,raw,PageHinkley,2024-06-11,D,daily,0.6864024021446797,,,False
embedding,mixed_raw_daily,mixed_raw,mixed,raw,PageHinkley,2024-06-24,D,daily,0.6471363178412497,First presidential debate,-3.0,True
embedding,mixed_raw_daily,mixed_raw,mixed,raw,PageHinkley,2024-07-04,D,daily,0.696204175025876,First presidential debate,7.0,True
embedding,mixed_raw_daily,mixed_raw,mixed,raw,KSWIN,2024-07-11,D,daily,0.2995016053577516,Trump assassination attempt,-2.0,True
embedding,mixed_raw_daily,mixed_raw,mixed,raw,PageHinkley,2024-07-17,D,daily,0.7475939086292297,Trump assassination attempt,4.0,True
embedding,mixed_raw_daily,mixed_raw,mixed,raw,PageHinkley,2024-07-23,D,daily,0.6559552017613951,Biden withdraws from race,2.0,True
embedding,mixed_raw_daily,mixed_raw,mixed,raw,PageHinkley,2024-08-05,D,daily,0.9067883647613629,Harris becomes Democratic nominee,0.0,True
embedding,mixed_raw_daily,mixed_raw,mixed,raw,PageHinkley,2024-08-16,D,daily,0.5354111170951262,,,False
embedding,mixed_raw_daily,mixed_raw,mixed,raw,PageHinkley,2024-08-26,D,daily,0.5984655254955281,,,False
embedding,mixed_raw_daily,mixed_raw,mixed,raw,KSWIN,2024-08-27,D,daily,0.4859999531504613,,,False
embedding,mixed_raw_daily,mixed_raw,mixed,raw,PageHinkley,2024-09-03,D,daily,0.5843845726683176,Second presidential debate,-7.0,True
embedding,mixed_raw_daily,mixed_raw,mixed,raw,PageHinkley,2024-09-09,D,daily,0.6460068897416018,Second presidential debate,-1.0,True
embedding,mixed_raw_daily,mixed_raw,mixed,raw,PageHinkley,2024-09-20,D,daily,0.6610679930253044,,,False
embedding,mixed_raw_daily,mixed_raw,mixed,raw,PageHinkley,2024-10-09,D,daily,0.6304883008270648,,,False
embedding,mixed_raw_daily,mixed_raw,mixed,raw,PageHinkley,2024-10-14,D,daily,0.6020702799681995,,,False
embedding,mixed_raw_daily,mixed_raw,mixed,raw,PageHinkley,2024-10-20,D,daily,0.8527576304285547,,,False
embedding,mixed_raw_daily,mixed_raw,mixed,raw,PageHinkley,2024-11-04,D,daily,0.6095686304164667,US presidential election,-1.0,True
embedding,mixed_raw_daily,mixed_raw,mixed,raw,PageHinkley,2024-11-16,D,daily,0.4894535620833538,,,False
embedding,mixed_raw_daily,mixed_raw,mixed,raw,PageHinkley,2024-11-24,D,daily,0.7372052887413973,,,False
embedding,mixed_raw_daily,mixed_raw,mixed,raw,PageHinkley,2024-11-30,D,daily,0.6027001633741206,,,False
embedding,mixed_raw_daily,mixed_raw,mixed,raw,KSWIN,2024-12-06,D,daily,0.39973861578190173,,,False
embedding,mixed_raw_daily,mixed_raw,mixed,raw,PageHinkley,2024-12-13,D,daily,0.6130457475233235,,,False
embedding,mixed_raw_daily,mixed_raw,mixed,raw,PageHinkley,2024-12-18,D,daily,0.6977559111736428,,,False
embedding,mixed_raw_daily,mixed_raw,mixed,raw,PageHinkley,2024-12-23,D,daily,0.5353673007481621,,,False
embedding,mixed_raw_daily,mixed_raw,mixed,raw,PageHinkley,2024-12-29,D,daily,0.5748055938526693,,,False
embedding,mixed_raw_daily,mixed_raw,mixed,raw,PageHinkley,2025-01-13,D,daily,0.7137695137093452,Trump inauguration,-7.0,True
embedding,mixed_raw_daily,mixed_raw,mixed,raw,PageHinkley,2025-01-27,D,daily,0.6836012828718229,Trump inauguration,7.0,True
embedding,mixed_raw_daily,mixed_raw,mixed,raw,PageHinkley,2025-02-01,D,daily,0.6623547187909226,,,False
embedding,mixed_raw_daily,mixed_raw,mixed,raw,PageHinkley,2025-02-09,D,daily,0.6590931242435081,,,False
embedding,mixed_split_minority_day_daily,mixed_split_minority_day,mixed,split_minority_day,PageHinkley,2024-02-15,D,daily,0.4628913500330013,,,False
embedding,mixed_split_minority_day_daily,mixed_split_minority_day,mixed,split_minority_day,PageHinkley,2024-02-26,D,daily,0.6543944040159922,,,False
embedding,mixed_split_minority_day_daily,mixed_split_minority_day,mixed,split_minority_day,PageHinkley,2024-03-27,D,daily,0.7340644892255246,,,False
embedding,mixed_split_minority_day_daily,mixed_split_minority_day,mixed,split_minority_day,PageHinkley,2024-04-16,D,daily,0.7202495326103083,,,False
embedding,mixed_split_minority_day_daily,mixed_split_minority_day,mixed,split_minority_day,PageHinkley,2024-05-05,D,daily,0.6040374897244003,,,False
embedding,mixed_split_minority_day_daily,mixed_split_minority_day,mixed,split_minority_day,PageHinkley,2024-05-15,D,daily,0.7809968544224298,,,False
embedding,mixed_split_minority_day_daily,mixed_split_minority_day,mixed,split_minority_day,PageHinkley,2024-05-28,D,daily,0.6275424856276266,Trump conviction,-2.0,True
embedding,mixed_split_minority_day_daily,mixed_split_minority_day,mixed,split_minority_day,PageHinkley,2024-06-11,D,daily,0.6510095130809115,,,False
embedding,mixed_split_minority_day_daily,mixed_split_minority_day,mixed,split_minority_day,PageHinkley,2024-06-25,D,daily,0.702636586076911,First presidential debate,-2.0,True
embedding,mixed_split_minority_day_daily,mixed_split_minority_day,mixed,split_minority_day,PageHinkley,2024-07-05,D,daily,0.6535311548286704,,,False
embedding,mixed_split_minority_day_daily,mixed_split_minority_day,mixed,split_minority_day,PageHinkley,2024-07-17,D,daily,0.7625079393066696,Trump assassination attempt,4.0,True
embedding,mixed_split_minority_day_daily,mixed_split_minority_day,mixed,split_minority_day,PageHinkley,2024-07-23,D,daily,0.6359194544170145,Biden withdraws from race,2.0,True
embedding,mixed_split_minority_day_daily,mixed_split_minority_day,mixed,split_minority_day,PageHinkley,2024-08-01,D,daily,0.48075767918261414,Harris becomes Democratic nominee,-4.0,True
embedding,mixed_split_minority_day_daily,mixed_split_minority_day,mixed,split_minority_day,PageHinkley,2024-08-06,D,daily,0.7750642466764419,Harris becomes Democratic nominee,1.0,True
embedding,mixed_split_minority_day_daily,mixed_split_minority_day,mixed,split_minority_day,PageHinkley,2024-08-16,D,daily,0.5444383280548948,,,False
embedding,mixed_split_minority_day_daily,mixed_split_minority_day,mixed,split_minority_day,PageHinkley,2024-08-27,D,daily,0.4859999531504613,,,False
embedding,mixed_split_minority_day_daily,mixed_split_minority_day,mixed,split_minority_day,PageHinkley,2024-09-09,D,daily,0.5439228493169309,Second presidential debate,-1.0,True
embedding,mixed_split_minority_day_daily,mixed_split_minority_day,mixed,split_minority_day,PageHinkley,2024-09-14,D,daily,0.6812769753979312,Second presidential debate,4.0,True
embedding,mixed_split_minority_day_daily,mixed_split_minority_day,mixed,split_minority_day,PageHinkley,2024-09-20,D,daily,0.6472132540708135,,,False
embedding,mixed_split_minority_day_daily,mixed_split_minority_day,mixed,split_minority_day,PageHinkley,2024-10-02,D,daily,0.5376589036298696,Vice presidential debate,1.0,True
embedding,mixed_split_minority_day_daily,mixed_split_minority_day,mixed,split_minority_day,KSWIN,2024-10-10,D,daily,0.3687093315705843,,,False
embedding,mixed_split_minority_day_daily,mixed_split_minority_day,mixed,split_minority_day,PageHinkley,2024-10-15,D,daily,0.644313042090592,,,False
embedding,mixed_split_minority_day_daily,mixed_split_minority_day,mixed,split_minority_day,PageHinkley,2024-10-20,D,daily,0.8631151981106888,,,False
embedding,mixed_split_minority_day_daily,mixed_split_minority_day,mixed,split_minority_day,PageHinkley,2024-11-18,D,daily,0.5997960256137516,,,False
embedding,mixed_split_minority_day_daily,mixed_split_minority_day,mixed,split_minority_day,PageHinkley,2024-11-24,D,daily,0.6805196415639967,,,False
embedding,mixed_split_minority_day_daily,mixed_split_minority_day,mixed,split_minority_day,PageHinkley,2024-12-01,D,daily,0.6302374631262462,,,False
embedding,mixed_split_minority_day_daily,mixed_split_minority_day,mixed,split_minority_day,PageHinkley,2024-12-12,D,daily,0.5097459599651858,,,False
embedding,mixed_split_minority_day_daily,mixed_split_minority_day,mixed,split_minority_day,PageHinkley,2024-12-19,D,daily,0.6471133575781653,,,False
embedding,mixed_split_minority_day_daily,mixed_split_minority_day,mixed,split_minority_day,PageHinkley,2025-01-01,D,daily,0.4432588164960296,,,False
embedding,mixed_split_minority_day_daily,mixed_split_minority_day,mixed,split_minority_day,KSWIN,2025-01-12,D,daily,0.31154308004092135,,,False
embedding,mixed_split_minority_day_daily,mixed_split_minority_day,mixed,split_minority_day,PageHinkley,2025-01-13,D,daily,0.714896369296002,Trump inauguration,-7.0,True
embedding,mixed_split_minority_day_daily,mixed_split_minority_day,mixed,split_minority_day,PageHinkley,2025-01-27,D,daily,0.640434312429054,Trump inauguration,7.0,True
embedding,mixed_split_minority_day_daily,mixed_split_minority_day,mixed,split_minority_day,KSWIN,2025-02-07,D,daily,0.37839206608459974,,,False
embedding,mixed_split_minority_day_daily,mixed_split_minority_day,mixed,split_minority_day,PageHinkley,2025-02-09,D,daily,0.6126904640196352,,,False
embedding,right_none_daily,right_none,right,none,PageHinkley,2024-02-12,D,daily,0.4338191382378537,,,False
embedding,right_none_daily,right_none,right,none,PageHinkley,2024-02-20,D,daily,0.5635208145499466,,,False
embedding,right_none_daily,right_none,right,none,PageHinkley,2024-02-27,D,daily,0.6409896942746804,Start of campaign,-7.0,True
embedding,right_none_daily,right_none,right,none,PageHinkley,2024-03-11,D,daily,0.505164426367106,Start of campaign,6.0,True
embedding,right_none_daily,right_none,right,none,PageHinkley,2024-03-30,D,daily,0.674628634450032,,,False
embedding,right_none_daily,right_none,right,none,PageHinkley,2024-04-05,D,daily,0.5590423503495656,,,False
embedding,right_none_daily,right_none,right,none,PageHinkley,2024-04-10,D,daily,0.42869645696328096,,,False
embedding,right_none_daily,right_none,right,none,PageHinkley,2024-04-17,D,daily,0.5660966828063294,,,False
embedding,right_none_daily,right_none,right,none,PageHinkley,2024-04-30,D,daily,0.6200666583999048,,,False
embedding,right_none_daily,right_none,right,none,PageHinkley,2024-05-05,D,daily,0.5121204597227081,,,False
embedding,right_none_daily,right_none,right,none,PageHinkley,2024-05-14,D,daily,0.6318324596899308,,,False
embedding,right_none_daily,right_none,right,none,PageHinkley,2024-05-26,D,daily,0.6473335693533533,Trump conviction,-4.0,True
embedding,right_none_daily,right_none,right,none,PageHinkley,2024-06-11,D,daily,0.7142521223389375,,,False
embedding,right_none_daily,right_none,right,none,PageHinkley,2024-06-23,D,daily,0.5803000651105745,First presidential debate,-4.0,True
embedding,right_none_daily,right_none,right,none,PageHinkley,2024-07-06,D,daily,0.6013372876256833,Trump assassination attempt,-7.0,True
embedding,right_none_daily,right_none,right,none,PageHinkley,2024-07-15,D,daily,0.5338049961682451,Trump assassination attempt,2.0,True
embedding,right_none_daily,right_none,right,none,PageHinkley,2024-07-29,D,daily,0.5042871346298057,Harris becomes Democratic nominee,-7.0,True
embedding,right_none_daily,right_none,right,none,PageHinkley,2024-08-06,D,daily,0.6051189358504019,Harris becomes Democratic nominee,1.0,True
embedding,right_none_daily,right_none,right,none,PageHinkley,2024-08-15,D,daily,0.46852416566322974,,,False
embedding,right_none_daily,right_none,right,none,PageHinkley,2024-08-20,D,daily,0.5047749665857064,,,False
embedding,right_none_daily,right_none,right,none,KSWIN,2024-08-23,D,daily,0.3181741446487062,,,False
embedding,right_none_daily,right_none,right,none,PageHinkley,2024-08-26,D,daily,0.5870558622390742,,,False
embedding,right_none_daily,right_none,right,none,PageHinkley,2024-09-13,D,daily,0.5782713020797162,Second presidential debate,3.0,True
embedding,right_none_daily,right_none,right,none,PageHinkley,2024-09-22,D,daily,0.5945783146558167,,,False
embedding,right_none_daily,right_none,right,none,PageHinkley,2024-10-02,D,daily,0.6128602967687501,Vice presidential debate,1.0,True
embedding,right_none_daily,right_none,right,none,PageHinkley,2024-10-08,D,daily,0.5217223560025408,Vice presidential debate,7.0,True
embedding,right_none_daily,right_none,right,none,PageHinkley,2024-10-24,D,daily,0.5594529372355693,,,False
embedding,right_none_daily,right_none,right,none,PageHinkley,2024-11-16,D,daily,0.6933918524994584,,,False
embedding,right_none_daily,right_none,right,none,PageHinkley,2024-11-29,D,daily,0.62751051013097,,,False
embedding,right_none_daily,right_none,right,none,KSWIN,2024-12-04,D,daily,0.37251220486089065,,,False
embedding,right_none_daily,right_none,right,none,PageHinkley,2024-12-30,D,daily,0.7207838275670071,,,False
embedding,right_none_daily,right_none,right,none,PageHinkley,2025-01-04,D,daily,0.6424382653861225,,,False
embedding,right_none_daily,right_none,right,none,PageHinkley,2025-01-15,D,daily,0.4794121517534343,Trump inauguration,-5.0,True
embedding,right_none_daily,right_none,right,none,PageHinkley,2025-02-02,D,daily,0.5771153756718466,,,False
embedding,right_none_daily,right_none,right,none,PageHinkley,2025-02-12,D,daily,0.42450468504763383,,,False
tfidf,left_none_weekly,left_none,left,none,PageHinkley,2024-11-25,W,weekly,0.9098948716494853,,,False
tfidf,left_none_weekly,left_none,left,none,PageHinkley,2025-01-27,W,weekly,0.8694298371029354,Trump inauguration,7.0,True
tfidf,mixed_global_undersampled_weekly,mixed_global_undersampled,mixed,global_undersampled,PageHinkley,2024-03-25,W,weekly,0.7640485394203297,,,False
tfidf,mixed_global_undersampled_weekly,mixed_global_undersampled,mixed,global_undersampled,PageHinkley,2024-07-22,W,weekly,0.8900339387982261,Biden withdraws from race,1.0,True
tfidf,mixed_global_undersampled_weekly,mixed_global_undersampled,mixed,global_undersampled,PageHinkley,2024-10-21,W,weekly,0.73569785921789,,,False
tfidf,mixed_global_undersampled_weekly,mixed_global_undersampled,mixed,global_undersampled,PageHinkley,2024-11-18,W,weekly,0.7394676996368705,US presidential election,13.0,True
tfidf,mixed_global_undersampled_weekly,mixed_global_undersampled,mixed,global_undersampled,PageHinkley,2024-12-30,W,weekly,0.9245284730550516,,,False
tfidf,mixed_max3_per_class_day_weekly,mixed_max3_per_class_day,mixed,max3_per_class_day,PageHinkley,2024-04-01,W,weekly,0.8010215160313875,,,False
tfidf,mixed_max3_per_class_day_weekly,mixed_max3_per_class_day,mixed,max3_per_class_day,PageHinkley,2024-07-22,W,weekly,0.8867256009203126,Biden withdraws from race,1.0,True
tfidf,mixed_max3_per_class_day_weekly,mixed_max3_per_class_day,mixed,max3_per_class_day,PageHinkley,2024-11-25,W,weekly,0.797077265577659,,,False
tfidf,mixed_max3_per_class_day_weekly,mixed_max3_per_class_day,mixed,max3_per_class_day,PageHinkley,2024-12-30,W,weekly,0.9042035804400067,,,False
tfidf,mixed_raw_weekly,mixed_raw,mixed,raw,PageHinkley,2024-04-15,W,weekly,0.6026962343834528,,,False
tfidf,mixed_raw_weekly,mixed_raw,mixed,raw,PageHinkley,2024-07-22,W,weekly,0.5441372105367829,Biden withdraws from race,1.0,True
tfidf,mixed_raw_weekly,mixed_raw,mixed,raw,PageHinkley,2024-11-25,W,weekly,0.38948296131460636,,,False
tfidf,mixed_raw_weekly,mixed_raw,mixed,raw,PageHinkley,2024-12-30,W,weekly,0.5987243240047505,,,False
tfidf,mixed_split_minority_day_weekly,mixed_split_minority_day,mixed,split_minority_day,PageHinkley,2024-04-22,W,weekly,0.5829114661784607,,,False
tfidf,mixed_split_minority_day_weekly,mixed_split_minority_day,mixed,split_minority_day,PageHinkley,2024-06-03,W,weekly,0.5493012251055367,Trump conviction,4.0,True
tfidf,mixed_split_minority_day_weekly,mixed_split_minority_day,mixed,split_minority_day,PageHinkley,2024-07-08,W,weekly,0.5238027230962186,Trump assassination attempt,-5.0,True
tfidf,mixed_split_minority_day_weekly,mixed_split_minority_day,mixed,split_minority_day,PageHinkley,2024-07-29,W,weekly,0.6382462265105029,Harris becomes Democratic nominee,-7.0,True
tfidf,mixed_split_minority_day_weekly,mixed_split_minority_day,mixed,split_minority_day,PageHinkley,2024-12-02,W,weekly,0.5130332695429881,,,False
tfidf,mixed_split_minority_day_weekly,mixed_split_minority_day,mixed,split_minority_day,PageHinkley,2024-12-23,W,weekly,0.6822051836680907,,,False
tfidf,right_none_weekly,right_none,right,none,PageHinkley,2024-03-25,W,weekly,0.5093351243148295,,,False
tfidf,right_none_weekly,right_none,right,none,PageHinkley,2025-01-13,W,weekly,0.32500844944080354,Trump inauguration,-7.0,True
embedding,left_none_weekly,left_none,left,none,PageHinkley,2024-02-26,W,weekly,0.700264376174716,Start of campaign,-8.0,True
embedding,left_none_weekly,left_none,left,none,PageHinkley,2024-04-08,W,weekly,0.7002712986071494,,,False
embedding,left_none_weekly,left_none,left,none,PageHinkley,2024-04-29,W,weekly,0.7619635619635847,,,False
embedding,left_none_weekly,left_none,left,none,PageHinkley,2024-06-24,W,weekly,0.9065230889610842,First presidential debate,-3.0,True
embedding,left_none_weekly,left_none,left,none,PageHinkley,2024-11-04,W,weekly,0.8482883015702831,US presidential election,-1.0,True
embedding,mixed_global_undersampled_weekly,mixed_global_undersampled,mixed,global_undersampled,PageHinkley,2024-02-26,W,weekly,0.700264376174716,Start of campaign,-8.0,True
embedding,mixed_global_undersampled_weekly,mixed_global_undersampled,mixed,global_undersampled,PageHinkley,2024-04-01,W,weekly,0.7588148022066551,,,False
embedding,mixed_global_undersampled_weekly,mixed_global_undersampled,mixed,global_undersampled,PageHinkley,2024-06-17,W,weekly,0.8751451938681195,First presidential debate,-10.0,True
embedding,mixed_global_undersampled_weekly,mixed_global_undersampled,mixed,global_undersampled,PageHinkley,2024-08-05,W,weekly,0.7624398489088917,Harris becomes Democratic nominee,0.0,True
embedding,mixed_global_undersampled_weekly,mixed_global_undersampled,mixed,global_undersampled,PageHinkley,2024-10-14,W,weekly,0.7097622495602882,Vice presidential debate,13.0,True
embedding,mixed_global_undersampled_weekly,mixed_global_undersampled,mixed,global_undersampled,PageHinkley,2024-12-02,W,weekly,0.8154836900754067,,,False
embedding,mixed_global_undersampled_weekly,mixed_global_undersampled,mixed,global_undersampled,PageHinkley,2025-01-20,W,weekly,0.6121706683777229,Trump inauguration,0.0,True
embedding,mixed_max3_per_class_day_weekly,mixed_max3_per_class_day,mixed,max3_per_class_day,PageHinkley,2024-02-26,W,weekly,0.8892282123902422,Start of campaign,-8.0,True
embedding,mixed_max3_per_class_day_weekly,mixed_max3_per_class_day,mixed,max3_per_class_day,PageHinkley,2024-04-01,W,weekly,0.7539741210638893,,,False
embedding,mixed_max3_per_class_day_weekly,mixed_max3_per_class_day,mixed,max3_per_class_day,PageHinkley,2024-06-03,W,weekly,0.7264984506353089,Trump conviction,4.0,True
embedding,mixed_max3_per_class_day_weekly,mixed_max3_per_class_day,mixed,max3_per_class_day,PageHinkley,2024-07-01,W,weekly,0.8796143582078751,First presidential debate,4.0,True
embedding,mixed_max3_per_class_day_weekly,mixed_max3_per_class_day,mixed,max3_per_class_day,PageHinkley,2024-08-05,W,weekly,0.7681027831767022,Harris becomes Democratic nominee,0.0,True
embedding,mixed_max3_per_class_day_weekly,mixed_max3_per_class_day,mixed,max3_per_class_day,PageHinkley,2024-09-09,W,weekly,0.7130836038004198,Second presidential debate,-1.0,True
embedding,mixed_max3_per_class_day_weekly,mixed_max3_per_class_day,mixed,max3_per_class_day,PageHinkley,2024-10-14,W,weekly,0.6287584210273562,Vice presidential debate,13.0,True
embedding,mixed_max3_per_class_day_weekly,mixed_max3_per_class_day,mixed,max3_per_class_day,PageHinkley,2024-11-04,W,weekly,0.7203519104213434,US presidential election,-1.0,True
embedding,mixed_max3_per_class_day_weekly,mixed_max3_per_class_day,mixed,max3_per_class_day,PageHinkley,2025-01-20,W,weekly,0.6276301235534183,Trump inauguration,0.0,True
embedding,mixed_raw_weekly,mixed_raw,mixed,raw,PageHinkley,2024-03-04,W,weekly,0.6878819285873802,Start of campaign,-1.0,True
embedding,mixed_raw_weekly,mixed_raw,mixed,raw,PageHinkley,2024-04-01,W,weekly,0.7557168292997021,,,False
embedding,mixed_raw_weekly,mixed_raw,mixed,raw,PageHinkley,2024-06-17,W,weekly,0.8291299002962438,First presidential debate,-10.0,True
embedding,mixed_raw_weekly,mixed_raw,mixed,raw,PageHinkley,2024-08-05,W,weekly,0.789790090310043,Harris becomes Democratic nominee,0.0,True
embedding,mixed_raw_weekly,mixed_raw,mixed,raw,PageHinkley,2024-12-02,W,weekly,0.7709503577164034,,,False
embedding,mixed_raw_weekly,mixed_raw,mixed,raw,PageHinkley,2025-01-20,W,weekly,0.6323068838856329,Trump inauguration,0.0,True
embedding,mixed_split_minority_day_weekly,mixed_split_minority_day,mixed,split_minority_day,PageHinkley,2024-02-26,W,weekly,0.6526980610270998,Start of campaign,-8.0,True
embedding,mixed_split_minority_day_weekly,mixed_split_minority_day,mixed,split_minority_day,PageHinkley,2024-03-25,W,weekly,0.6676006272296487,,,False
embedding,mixed_split_minority_day_weekly,mixed_split_minority_day,mixed,split_minority_day,PageHinkley,2024-04-22,W,weekly,0.8602732606390217,,,False
embedding,mixed_split_minority_day_weekly,mixed_split_minority_day,mixed,split_minority_day,PageHinkley,2024-05-27,W,weekly,0.6340633310388715,Trump conviction,-3.0,True
embedding,mixed_split_minority_day_weekly,mixed_split_minority_day,mixed,split_minority_day,PageHinkley,2024-07-15,W,weekly,0.6041852647496528,Trump assassination attempt,2.0,True
embedding,mixed_split_minority_day_weekly,mixed_split_minority_day,mixed,split_minority_day,PageHinkley,2024-08-12,W,weekly,0.8329544555597705,Harris becomes Democratic nominee,7.0,True
embedding,mixed_split_minority_day_weekly,mixed_split_minority_day,mixed,split_minority_day,PageHinkley,2024-09-02,W,weekly,0.6147286379783374,Second presidential debate,-8.0,True
embedding,mixed_split_minority_day_weekly,mixed_split_minority_day,mixed,split_minority_day,PageHinkley,2024-11-25,W,weekly,0.626618682130769,,,False
embedding,mixed_split_minority_day_weekly,mixed_split_minority_day,mixed,split_minority_day,PageHinkley,2025-01-13,W,weekly,0.6371911423685368,Trump inauguration,-7.0,True
embedding,right_none_weekly,right_none,right,none,PageHinkley,2024-03-04,W,weekly,0.706494779179593,Start of campaign,-1.0,True
embedding,right_none_weekly,right_none,right,none,PageHinkley,2024-04-15,W,weekly,0.4470462712485165,,,False
embedding,right_none_weekly,right_none,right,none,PageHinkley,2024-07-15,W,weekly,0.5925446684946768,Trump assassination attempt,2.0,True
embedding,right_none_weekly,right_none,right,none,PageHinkley,2024-08-19,W,weekly,0.5130125596008897,Harris becomes Democratic nominee,14.0,True
embedding,right_none_weekly,right_none,right,none,PageHinkley,2024-12-02,W,weekly,0.5840699271173564,,,False
embedding,right_none_weekly,right_none,right,none,PageHinkley,2025-01-06,W,weekly,0.5888129572472772,Trump inauguration,-14.0,True
embedding,right_none_weekly,right_none,right,none,PageHinkley,2025-01-27,W,weekly,0.4725711394903166,Trump inauguration,7.0,True
